{
  "execPath": "/home/michael/.platformio/packages/toolchain-gccarmnoneeabi/bin/arm-none-eabi-g++",
  "gccDefaultCFlags": "-fsyntax-only -std=gnu99 -mcpu=cortex-m4 -mthumb -mfpu=fpv4-sp-d16 -mfloat-abi=softfp -c -Wall -Wextra -Wno-unused-parameter -Wno-missing-field-initializers -fmessage-length=0 -fno-exceptions -fno-builtin -ffunction-sections -fdata-sections -funsigned-char -fno-delete-null-pointer-checks -fomit-frame-pointer -Os -DNDEBUG -g1 -include mbed_config.h -DDEVICE_SERIAL_FC=1 -D__CMSIS_RTOS -DDEVICE_RTC=1 -DTOOLCHAIN_object -DDEVICE_PORTIN=1 -DDEVICE_LOWPOWERTIMER=1 -DDEVICE_SERIAL_ASYNCH=1 -DTARGET_MCUXpresso_MCUS -D__MBED_CMSIS_RTOS_CM -DMBED_BUILD_TIMESTAMP=1516293150.71 -DDEVICE_SPISLAVE=1 -DDEVICE_I2C=1 -DDEVICE_TRNG=1 -DFSL_RTOS_MBED -DDEVICE_PORTINOUT=1 -DFEATURE_STORAGE=1 -DDEVICE_STORAGE=1 -DTARGET_LIKE_CORTEX_M4 -DTARGET_LIKE_MBED -DTARGET_M4 -DTARGET_RELEASE -D__FPU_PRESENT=1 -DARM_MATH_CM4 -DTARGET_KSDK2_MCUS -DFEATURE_LWIP=1 -DDEVICE_STDIO_MESSAGES=1 -D__MBED__=1 -D__CORTEX_M4 -DTARGET_FF_ARDUINO -DDEVICE_SERIAL=1 -DDEVICE_ANALOGOUT=1 -DTARGET_MCU_K64F -DDEVICE_INTERRUPTIN=1 -DDEVICE_FLASH=1 -DTARGET_K64F -DTARGET_Freescale -DDEVICE_I2CSLAVE=1 -DDEVICE_SPI=1 -DDEVICE_SPI_ASYNCH=1 -DCPU_MK64FN1M0VMD12 -DDEVICE_SLEEP=1 -DTOOLCHAIN_GCC_ARM -DTARGET_KPSDK_CODE -DTARGET_FRDM -DDEVICE_PWMOUT=1 -DDEVICE_ANALOGIN=1 -DTARGET_RTOS_M4_M7 -DTARGET_UVISOR_UNSUPPORTED -DTARGET_CORTEX_M -DTOOLCHAIN_GCC -DDEVICE_PORTOUT=1 -DTARGET_CORTEX -DTARGET_KPSDK_MCUS -DPIO_FRAMEWORK_MBED_RTOS_PRESENT -DPIO_FRAMEWORK_MBED_EVENTS_PRESENT -DMBED_CONF_RTOS_PRESENT -DPLATFORMIO=30502",
  "gccDefaultCppFlags": "-fsyntax-only -std=gnu++98 -fno-rtti -Wvla -mcpu=cortex-m4 -mthumb -mfpu=fpv4-sp-d16 -mfloat-abi=softfp -c -Wall -Wextra -Wno-unused-parameter -Wno-missing-field-initializers -fmessage-length=0 -fno-exceptions -fno-builtin -ffunction-sections -fdata-sections -funsigned-char -fno-delete-null-pointer-checks -fomit-frame-pointer -Os -DNDEBUG -g1 -include mbed_config.h -DDEVICE_SERIAL_FC=1 -D__CMSIS_RTOS -DDEVICE_RTC=1 -DTOOLCHAIN_object -DDEVICE_PORTIN=1 -DDEVICE_LOWPOWERTIMER=1 -DDEVICE_SERIAL_ASYNCH=1 -DTARGET_MCUXpresso_MCUS -D__MBED_CMSIS_RTOS_CM -DMBED_BUILD_TIMESTAMP=1516293150.71 -DDEVICE_SPISLAVE=1 -DDEVICE_I2C=1 -DDEVICE_TRNG=1 -DFSL_RTOS_MBED -DDEVICE_PORTINOUT=1 -DFEATURE_STORAGE=1 -DDEVICE_STORAGE=1 -DTARGET_LIKE_CORTEX_M4 -DTARGET_LIKE_MBED -DTARGET_M4 -DTARGET_RELEASE -D__FPU_PRESENT=1 -DARM_MATH_CM4 -DTARGET_KSDK2_MCUS -DFEATURE_LWIP=1 -DDEVICE_STDIO_MESSAGES=1 -D__MBED__=1 -D__CORTEX_M4 -DTARGET_FF_ARDUINO -DDEVICE_SERIAL=1 -DDEVICE_ANALOGOUT=1 -DTARGET_MCU_K64F -DDEVICE_INTERRUPTIN=1 -DDEVICE_FLASH=1 -DTARGET_K64F -DTARGET_Freescale -DDEVICE_I2CSLAVE=1 -DDEVICE_SPI=1 -DDEVICE_SPI_ASYNCH=1 -DCPU_MK64FN1M0VMD12 -DDEVICE_SLEEP=1 -DTOOLCHAIN_GCC_ARM -DTARGET_KPSDK_CODE -DTARGET_FRDM -DDEVICE_PWMOUT=1 -DDEVICE_ANALOGIN=1 -DTARGET_RTOS_M4_M7 -DTARGET_UVISOR_UNSUPPORTED -DTARGET_CORTEX_M -DTOOLCHAIN_GCC -DDEVICE_PORTOUT=1 -DTARGET_CORTEX -DTARGET_KPSDK_MCUS -DPIO_FRAMEWORK_MBED_RTOS_PRESENT -DPIO_FRAMEWORK_MBED_EVENTS_PRESENT -DMBED_CONF_RTOS_PRESENT -DPLATFORMIO=30502",
  "gccErrorLimit": 15,
  "gccIncludePaths": "/home/michael/.platformio/packages/framework-mbed/.,/home/michael/.platformio/packages/framework-mbed/cmsis,/home/michael/.platformio/packages/framework-mbed/cmsis/TARGET_CORTEX_M,/home/michael/.platformio/packages/framework-mbed/drivers,/home/michael/.platformio/packages/framework-mbed/hal,/home/michael/.platformio/packages/framework-mbed/hal/storage_abstraction,/home/michael/.platformio/packages/framework-mbed/platform,/home/michael/.platformio/packages/framework-mbed/targets,/home/michael/.platformio/packages/framework-mbed/targets/TARGET_Freescale,/home/michael/.platformio/packages/framework-mbed/targets/TARGET_Freescale/TARGET_MCUXpresso_MCUS,/home/michael/.platformio/packages/framework-mbed/targets/TARGET_Freescale/TARGET_MCUXpresso_MCUS/api,/home/michael/.platformio/packages/framework-mbed/targets/TARGET_Freescale/TARGET_MCUXpresso_MCUS/TARGET_MCU_K64F,/home/michael/.platformio/packages/framework-mbed/targets/TARGET_Freescale/TARGET_MCUXpresso_MCUS/TARGET_MCU_K64F/device,/home/michael/.platformio/packages/framework-mbed/targets/TARGET_Freescale/TARGET_MCUXpresso_MCUS/TARGET_MCU_K64F/device/TOOLCHAIN_GCC_ARM,/home/michael/.platformio/packages/framework-mbed/targets/TARGET_Freescale/TARGET_MCUXpresso_MCUS/TARGET_MCU_K64F/drivers,/home/michael/.platformio/packages/framework-mbed/targets/TARGET_Freescale/TARGET_MCUXpresso_MCUS/TARGET_MCU_K64F/TARGET_FRDM,/home/michael/.platformio/packages/framework-mbed,/home/michael/.platformio/packages/framework-mbed/platformio/variants/K64F,/home/michael/.platformio/packages/framework-mbed/rtos/.,/home/michael/.platformio/packages/framework-mbed/rtos/TARGET_CORTEX,/home/michael/.platformio/packages/framework-mbed/rtos/TARGET_CORTEX/rtx4,/home/michael/.platformio/packages/framework-mbed/rtos/TARGET_CORTEX/rtx5,/home/michael/.platformio/packages/framework-mbed/rtos/TARGET_CORTEX/rtx5/Include,/home/michael/.platformio/packages/framework-mbed/rtos/TARGET_CORTEX/rtx5/RTX,/home/michael/.platformio/packages/framework-mbed/rtos/TARGET_CORTEX/rtx5/RTX/Config,/home/michael/.platformio/packages/framework-mbed/rtos/TARGET_CORTEX/rtx5/RTX/Include,/home/michael/.platformio/packages/framework-mbed/rtos/TARGET_CORTEX/rtx5/RTX/Source,/home/michael/.platformio/packages/framework-mbed/rtos/TARGET_CORTEX/rtx5/RTX/Source/TOOLCHAIN_GCC,/home/michael/.platformio/packages/framework-mbed/rtos/TARGET_CORTEX/rtx5/RTX/Source/TOOLCHAIN_GCC/TARGET_RTOS_M4_M7,/home/michael/.platformio/packages/framework-mbed/rtos/TARGET_CORTEX/rtx5/Source,/home/michael/Teaching/Modules/KF5011/Lectures/7_1_TCPAppLayer/DisplayClient/src,/home/michael/Teaching/Modules/KF5011/Lectures/7_1_TCPAppLayer/DisplayClient/.piolibdeps/C12832_ID2217,/home/michael/.platformio/packages/framework-mbed/events,/home/michael/.platformio/packages/framework-mbed/events/equeue,/home/michael/.platformio/packages/framework-mbed/rtos,/home/michael/.platformio/packages/framework-mbed/features/unsupported,/home/michael/.platformio/packages/framework-mbed/features/unsupported/USBDevice,/home/michael/.platformio/packages/framework-mbed/features/unsupported/USBDevice/targets,/home/michael/.platformio/packages/framework-mbed/features/unsupported/USBDevice/targets/TARGET_Freescale,/home/michael/.platformio/packages/framework-mbed/features/unsupported/USBDevice/USBAudio,/home/michael/.platformio/packages/framework-mbed/features/unsupported/USBDevice/USBDevice,/home/michael/.platformio/packages/framework-mbed/features/unsupported/USBDevice/USBHID,/home/michael/.platformio/packages/framework-mbed/features/unsupported/USBDevice/USBMIDI,/home/michael/.platformio/packages/framework-mbed/features/unsupported/USBDevice/USBMSD,/home/michael/.platformio/packages/framework-mbed/features/unsupported/USBDevice/USBSerial,/home/michael/.platformio/packages/framework-mbed/features,/home/michael/.platformio/packages/framework-mbed/features/FEATURE_LWIP,/home/michael/.platformio/packages/framework-mbed/features/FEATURE_LWIP/lwip-interface,/home/michael/.platformio/packages/framework-mbed/features/FEATURE_LWIP/lwip-interface/lwip,/home/michael/.platformio/packages/framework-mbed/features/FEATURE_LWIP/lwip-interface/lwip/src,/home/michael/.platformio/packages/framework-mbed/features/FEATURE_LWIP/lwip-interface/lwip/src/api,/home/michael/.platformio/packages/framework-mbed/features/FEATURE_LWIP/lwip-interface/lwip/src/core,/home/michael/.platformio/packages/framework-mbed/features/FEATURE_LWIP/lwip-interface/lwip/src/core/ipv4,/home/michael/.platformio/packages/framework-mbed/features/FEATURE_LWIP/lwip-interface/lwip/src/core/ipv6,/home/michael/.platformio/packages/framework-mbed/features/FEATURE_LWIP/lwip-interface/lwip/src/include,/home/michael/.platformio/packages/framework-mbed/features/FEATURE_LWIP/lwip-interface/lwip/src/include/lwip,/home/michael/.platformio/packages/framework-mbed/features/FEATURE_LWIP/lwip-interface/lwip/src/include/lwip/priv,/home/michael/.platformio/packages/framework-mbed/features/FEATURE_LWIP/lwip-interface/lwip/src/include/lwip/prot,/home/michael/.platformio/packages/framework-mbed/features/FEATURE_LWIP/lwip-interface/lwip/src/include/netif,/home/michael/.platformio/packages/framework-mbed/features/FEATURE_LWIP/lwip-interface/lwip/src/include/netif/ppp,/home/michael/.platformio/packages/framework-mbed/features/FEATURE_LWIP/lwip-interface/lwip/src/include/netif/ppp/polarssl,/home/michael/.platformio/packages/framework-mbed/features/FEATURE_LWIP/lwip-interface/lwip/src/netif,/home/michael/.platformio/packages/framework-mbed/features/FEATURE_LWIP/lwip-interface/lwip/src/netif/ppp,/home/michael/.platformio/packages/framework-mbed/features/FEATURE_LWIP/lwip-interface/lwip/src/netif/ppp/polarssl,/home/michael/.platformio/packages/framework-mbed/features/FEATURE_LWIP/lwip-interface/lwip-eth,/home/michael/.platformio/packages/framework-mbed/features/FEATURE_LWIP/lwip-interface/lwip-eth/arch,/home/michael/.platformio/packages/framework-mbed/features/FEATURE_LWIP/lwip-interface/lwip-eth/arch/TARGET_Freescale,/home/michael/.platformio/packages/framework-mbed/features/FEATURE_LWIP/lwip-interface/lwip-eth/arch/TARGET_Freescale/TARGET_K64F,/home/michael/.platformio/packages/framework-mbed/features/FEATURE_LWIP/lwip-interface/lwip-sys,/home/michael/.platformio/packages/framework-mbed/features/FEATURE_LWIP/lwip-interface/lwip-sys/arch,/home/michael/.platformio/packages/framework-mbed/features/mbedtls,/home/michael/.platformio/packages/framework-mbed/features/mbedtls/importer,/home/michael/.platformio/packages/framework-mbed/features/mbedtls/inc,/home/michael/.platformio/packages/framework-mbed/features/mbedtls/inc/mbedtls,/home/michael/.platformio/packages/framework-mbed/features/mbedtls/platform,/home/michael/.platformio/packages/framework-mbed/features/mbedtls/platform/inc,/home/michael/.platformio/packages/framework-mbed/features/mbedtls/platform/src,/home/michael/.platformio/packages/framework-mbed/features/mbedtls/src,/home/michael/.platformio/packages/framework-mbed/features/mbedtls/targets,/home/michael/.platformio/packages/framework-mbed/features/netsocket,/home/michael/.platformio/packages/framework-mbed/features/netsocket/cellular,/home/michael/.platformio/packages/framework-mbed/features/netsocket/cellular/generic_modem_driver,/home/michael/.platformio/packages/framework-mbed/features/netsocket/cellular/utils,/home/michael/.platformio/packages/framework-mbed/features/FEATURE_COMMON_PAL,/home/michael/.platformio/packages/framework-mbed/features/FEATURE_COMMON_PAL/mbed-client-randlib,/home/michael/.platformio/packages/framework-mbed/features/FEATURE_COMMON_PAL/mbed-client-randlib/mbed-client-randlib,/home/michael/.platformio/packages/framework-mbed/features/FEATURE_COMMON_PAL/mbed-client-randlib/mbed-client-randlib/platform,/home/michael/.platformio/packages/framework-mbed/features/FEATURE_COMMON_PAL/mbed-client-randlib/source,/home/michael/.platformio/packages/framework-mbed/features/FEATURE_COMMON_PAL/mbed-coap,/home/michael/.platformio/packages/framework-mbed/features/FEATURE_COMMON_PAL/mbed-coap/doxygen,/home/michael/.platformio/packages/framework-mbed/features/FEATURE_COMMON_PAL/mbed-coap/mbed-coap,/home/michael/.platformio/packages/framework-mbed/features/FEATURE_COMMON_PAL/mbed-coap/source,/home/michael/.platformio/packages/framework-mbed/features/FEATURE_COMMON_PAL/mbed-coap/source/include,/home/michael/.platformio/packages/framework-mbed/features/FEATURE_COMMON_PAL/mbed-trace,/home/michael/.platformio/packages/framework-mbed/features/FEATURE_COMMON_PAL/mbed-trace/mbed-trace,/home/michael/.platformio/packages/framework-mbed/features/FEATURE_COMMON_PAL/mbed-trace/source,/home/michael/.platformio/packages/framework-mbed/features/FEATURE_COMMON_PAL/nanostack-hal-mbed-cmsis-rtos,/home/michael/.platformio/packages/framework-mbed/features/FEATURE_COMMON_PAL/nanostack-hal-mbed-cmsis-rtos/cs_nvm,/home/michael/.platformio/packages/framework-mbed/features/FEATURE_COMMON_PAL/nanostack-hal-mbed-cmsis-rtos/nvm,/home/michael/.platformio/packages/framework-mbed/features/FEATURE_COMMON_PAL/nanostack-libservice,/home/michael/.platformio/packages/framework-mbed/features/FEATURE_COMMON_PAL/nanostack-libservice/mbed-client-libservice,/home/michael/.platformio/packages/framework-mbed/features/FEATURE_COMMON_PAL/nanostack-libservice/mbed-client-libservice/platform,/home/michael/.platformio/packages/framework-mbed/features/FEATURE_COMMON_PAL/nanostack-libservice/source,/home/michael/.platformio/packages/framework-mbed/features/FEATURE_COMMON_PAL/nanostack-libservice/source/IPv6_fcf_lib,/home/michael/.platformio/packages/framework-mbed/features/FEATURE_COMMON_PAL/nanostack-libservice/source/libBits,/home/michael/.platformio/packages/framework-mbed/features/FEATURE_COMMON_PAL/nanostack-libservice/source/libip6string,/home/michael/.platformio/packages/framework-mbed/features/FEATURE_COMMON_PAL/nanostack-libservice/source/libList,/home/michael/.platformio/packages/framework-mbed/features/FEATURE_COMMON_PAL/nanostack-libservice/source/libTrace,/home/michael/.platformio/packages/framework-mbed/features/FEATURE_COMMON_PAL/nanostack-libservice/source/libTrace/scripts,/home/michael/.platformio/packages/framework-mbed/features/FEATURE_COMMON_PAL/nanostack-libservice/source/nsdynmemLIB,/home/michael/.platformio/packages/framework-mbed/features/FEATURE_COMMON_PAL/nanostack-libservice/source/nvmHelper,/home/michael/.platformio/packages/framework-mbed/features/FEATURE_COMMON_PAL/sal-stack-nanostack-eventloop,/home/michael/.platformio/packages/framework-mbed/features/FEATURE_COMMON_PAL/sal-stack-nanostack-eventloop/nanostack-event-loop,/home/michael/.platformio/packages/framework-mbed/features/FEATURE_COMMON_PAL/sal-stack-nanostack-eventloop/nanostack-event-loop/platform,/home/michael/.platformio/packages/framework-mbed/features/FEATURE_COMMON_PAL/sal-stack-nanostack-eventloop/source,/home/michael/.platformio/packages/framework-mbed/features/FEATURE_UVISOR,/home/michael/.platformio/packages/framework-mbed/features/FEATURE_UVISOR/importer,/home/michael/.platformio/packages/framework-mbed/features/FEATURE_UVISOR/includes,/home/michael/.platformio/packages/framework-mbed/features/FEATURE_UVISOR/includes/uvisor,/home/michael/.platformio/packages/framework-mbed/features/FEATURE_UVISOR/includes/uvisor/api,/home/michael/.platformio/packages/framework-mbed/features/FEATURE_UVISOR/includes/uvisor/api/inc,/home/michael/.platformio/packages/framework-mbed/features/FEATURE_UVISOR/includes/uvisor-lib,/home/michael/.platformio/packages/framework-mbed/features/FEATURE_UVISOR/includes/uvisor-lib/rtx,/home/michael/.platformio/packages/framework-mbed/features/FEATURE_UVISOR/source,/home/michael/.platformio/packages/framework-mbed/features/FEATURE_UVISOR/source/rtx,/home/michael/.platformio/packages/framework-mbed/features/FEATURE_UVISOR/targets,/home/michael/.platformio/packages/framework-mbed/features/FEATURE_UVISOR/targets/TARGET_UVISOR_UNSUPPORTED,/home/michael/.platformio/packages/framework-mbed/features/unsupported/USBHost,/home/michael/.platformio/packages/framework-mbed/features/unsupported/USBHost/targets,/home/michael/.platformio/packages/framework-mbed/features/unsupported/USBHost/USBHost,/home/michael/.platformio/packages/framework-mbed/features/unsupported/USBHost/USBHost3GModule,/home/michael/.platformio/packages/framework-mbed/features/unsupported/USBHost/USBHostHID,/home/michael/.platformio/packages/framework-mbed/features/unsupported/USBHost/USBHostHub,/home/michael/.platformio/packages/framework-mbed/features/unsupported/USBHost/USBHostMIDI,/home/michael/.platformio/packages/framework-mbed/features/unsupported/USBHost/USBHostMSD,/home/michael/.platformio/packages/framework-mbed/features/unsupported/USBHost/USBHostSerial,/home/michael/.platformio/packages/framework-mbed/features/storage/FEATURE_STORAGE,/home/michael/.platformio/packages/framework-mbed/features/storage,/home/michael/.platformio/packages/framework-mbed/features/storage/FEATURE_STORAGE/cfstore,/home/michael/.platformio/packages/framework-mbed/features/storage/FEATURE_STORAGE/cfstore/configuration-store,/home/michael/.platformio/packages/framework-mbed/features/storage/FEATURE_STORAGE/cfstore/doc,/home/michael/.platformio/packages/framework-mbed/features/storage/FEATURE_STORAGE/cfstore/doc/design,/home/michael/.platformio/packages/framework-mbed/features/storage/FEATURE_STORAGE/cfstore/doc/design/pics,/home/michael/.platformio/packages/framework-mbed/features/storage/FEATURE_STORAGE/cfstore/doc/design/umlet,/home/michael/.platformio/packages/framework-mbed/features/storage/FEATURE_STORAGE/cfstore/doc/project,/home/michael/.platformio/packages/framework-mbed/features/storage/FEATURE_STORAGE/cfstore/source,/home/michael/.platformio/packages/framework-mbed/features/storage/FEATURE_STORAGE/flash-journal,/home/michael/.platformio/packages/framework-mbed/features/storage/FEATURE_STORAGE/flash-journal/flash-journal-strategy-sequential,/home/michael/.platformio/packages/framework-mbed/features/storage/FEATURE_STORAGE/storage-volume-manager,/home/michael/.platformio/packages/framework-mbed/features/storage/FEATURE_STORAGE/storage-volume-manager/source,/home/michael/.platformio/packages/framework-mbed/features/storage/FEATURE_STORAGE/storage-volume-manager/storage-volume-manager,/home/michael/.platformio/packages/framework-mbed/features/nanostack/FEATURE_NANOSTACK,/home/michael/.platformio/packages/framework-mbed/features/nanostack,/home/michael/.platformio/packages/framework-mbed/features/nanostack/FEATURE_NANOSTACK/coap-service,/home/michael/.platformio/packages/framework-mbed/features/nanostack/FEATURE_NANOSTACK/coap-service/coap-service,/home/michael/.platformio/packages/framework-mbed/features/nanostack/FEATURE_NANOSTACK/coap-service/source,/home/michael/.platformio/packages/framework-mbed/features/nanostack/FEATURE_NANOSTACK/coap-service/source/include,/home/michael/.platformio/packages/framework-mbed/features/nanostack/FEATURE_NANOSTACK/mbed-mesh-api,/home/michael/.platformio/packages/framework-mbed/features/nanostack/FEATURE_NANOSTACK/mbed-mesh-api/mbed-mesh-api,/home/michael/.platformio/packages/framework-mbed/features/nanostack/FEATURE_NANOSTACK/mbed-mesh-api/source,/home/michael/.platformio/packages/framework-mbed/features/nanostack/FEATURE_NANOSTACK/mbed-mesh-api/source/include,/home/michael/.platformio/packages/framework-mbed/features/nanostack/FEATURE_NANOSTACK/nanostack-interface,/home/michael/.platformio/packages/framework-mbed/features/nanostack/FEATURE_NANOSTACK/sal-stack-nanostack,/home/michael/.platformio/packages/framework-mbed/features/nanostack/FEATURE_NANOSTACK/sal-stack-nanostack/docs,/home/michael/.platformio/packages/framework-mbed/features/nanostack/FEATURE_NANOSTACK/sal-stack-nanostack/docs/img,/home/michael/.platformio/packages/framework-mbed/features/nanostack/FEATURE_NANOSTACK/sal-stack-nanostack/doxygen,/home/michael/.platformio/packages/framework-mbed/features/nanostack/FEATURE_NANOSTACK/sal-stack-nanostack/nanostack,/home/michael/.platformio/packages/framework-mbed/features/nanostack/FEATURE_NANOSTACK/sal-stack-nanostack/nanostack/platform,/home/michael/.platformio/packages/framework-mbed/features/nanostack/FEATURE_NANOSTACK/sal-stack-nanostack/source,/home/michael/.platformio/packages/framework-mbed/features/nanostack/FEATURE_NANOSTACK/sal-stack-nanostack/source/6LoWPAN,/home/michael/.platformio/packages/framework-mbed/features/nanostack/FEATURE_NANOSTACK/sal-stack-nanostack/source/6LoWPAN/Bootstraps,/home/michael/.platformio/packages/framework-mbed/features/nanostack/FEATURE_NANOSTACK/sal-stack-nanostack/source/6LoWPAN/Bootstraps/Generic,/home/michael/.platformio/packages/framework-mbed/features/nanostack/FEATURE_NANOSTACK/sal-stack-nanostack/source/6LoWPAN/Fragmentation,/home/michael/.platformio/packages/framework-mbed/features/nanostack/FEATURE_NANOSTACK/sal-stack-nanostack/source/6LoWPAN/IPHC_Decode,/home/michael/.platformio/packages/framework-mbed/features/nanostack/FEATURE_NANOSTACK/sal-stack-nanostack/source/6LoWPAN/MAC,/home/michael/.platformio/packages/framework-mbed/features/nanostack/FEATURE_NANOSTACK/sal-stack-nanostack/source/6LoWPAN/Mesh,/home/michael/.platformio/packages/framework-mbed/features/nanostack/FEATURE_NANOSTACK/sal-stack-nanostack/source/6LoWPAN/ND,/home/michael/.platformio/packages/framework-mbed/features/nanostack/FEATURE_NANOSTACK/sal-stack-nanostack/source/6LoWPAN/NVM,/home/michael/.platformio/packages/framework-mbed/features/nanostack/FEATURE_NANOSTACK/sal-stack-nanostack/source/6LoWPAN/Thread,/home/michael/.platformio/packages/framework-mbed/features/nanostack/FEATURE_NANOSTACK/sal-stack-nanostack/source/BorderRouter,/home/michael/.platformio/packages/framework-mbed/features/nanostack/FEATURE_NANOSTACK/sal-stack-nanostack/source/Common_Protocols,/home/michael/.platformio/packages/framework-mbed/features/nanostack/FEATURE_NANOSTACK/sal-stack-nanostack/source/configs,/home/michael/.platformio/packages/framework-mbed/features/nanostack/FEATURE_NANOSTACK/sal-stack-nanostack/source/configs/base,/home/michael/.platformio/packages/framework-mbed/features/nanostack/FEATURE_NANOSTACK/sal-stack-nanostack/source/Core,/home/michael/.platformio/packages/framework-mbed/features/nanostack/FEATURE_NANOSTACK/sal-stack-nanostack/source/Core/include,/home/michael/.platformio/packages/framework-mbed/features/nanostack/FEATURE_NANOSTACK/sal-stack-nanostack/source/DHCPv6_Server,/home/michael/.platformio/packages/framework-mbed/features/nanostack/FEATURE_NANOSTACK/sal-stack-nanostack/source/ipv6_stack,/home/michael/.platformio/packages/framework-mbed/features/nanostack/FEATURE_NANOSTACK/sal-stack-nanostack/source/libDHCPv6,/home/michael/.platformio/packages/framework-mbed/features/nanostack/FEATURE_NANOSTACK/sal-stack-nanostack/source/libNET,/home/michael/.platformio/packages/framework-mbed/features/nanostack/FEATURE_NANOSTACK/sal-stack-nanostack/source/libNET/src,/home/michael/.platformio/packages/framework-mbed/features/nanostack/FEATURE_NANOSTACK/sal-stack-nanostack/source/MAC,/home/michael/.platformio/packages/framework-mbed/features/nanostack/FEATURE_NANOSTACK/sal-stack-nanostack/source/MAC/ethernet,/home/michael/.platformio/packages/framework-mbed/features/nanostack/FEATURE_NANOSTACK/sal-stack-nanostack/source/MAC/IEEE802_15_4,/home/michael/.platformio/packages/framework-mbed/features/nanostack/FEATURE_NANOSTACK/sal-stack-nanostack/source/MAC/serial,/home/michael/.platformio/packages/framework-mbed/features/nanostack/FEATURE_NANOSTACK/sal-stack-nanostack/source/MAC/virtual_rf,/home/michael/.platformio/packages/framework-mbed/features/nanostack/FEATURE_NANOSTACK/sal-stack-nanostack/source/MLE,/home/michael/.platformio/packages/framework-mbed/features/nanostack/FEATURE_NANOSTACK/sal-stack-nanostack/source/MPL,/home/michael/.platformio/packages/framework-mbed/features/nanostack/FEATURE_NANOSTACK/sal-stack-nanostack/source/NWK_INTERFACE,/home/michael/.platformio/packages/framework-mbed/features/nanostack/FEATURE_NANOSTACK/sal-stack-nanostack/source/NWK_INTERFACE/Include,/home/michael/.platformio/packages/framework-mbed/features/nanostack/FEATURE_NANOSTACK/sal-stack-nanostack/source/RPL,/home/michael/.platformio/packages/framework-mbed/features/nanostack/FEATURE_NANOSTACK/sal-stack-nanostack/source/Security,/home/michael/.platformio/packages/framework-mbed/features/nanostack/FEATURE_NANOSTACK/sal-stack-nanostack/source/Security/Common,/home/michael/.platformio/packages/framework-mbed/features/nanostack/FEATURE_NANOSTACK/sal-stack-nanostack/source/Security/PANA,/home/michael/.platformio/packages/framework-mbed/features/nanostack/FEATURE_NANOSTACK/sal-stack-nanostack/source/Security/TLS,/home/michael/.platformio/packages/framework-mbed/features/nanostack/FEATURE_NANOSTACK/sal-stack-nanostack/source/Service_Libs,/home/michael/.platformio/packages/framework-mbed/features/nanostack/FEATURE_NANOSTACK/sal-stack-nanostack/source/Service_Libs/blacklist,/home/michael/.platformio/packages/framework-mbed/features/nanostack/FEATURE_NANOSTACK/sal-stack-nanostack/source/Service_Libs/CCM_lib,/home/michael/.platformio/packages/framework-mbed/features/nanostack/FEATURE_NANOSTACK/sal-stack-nanostack/source/Service_Libs/CCM_lib/mbedOS,/home/michael/.platformio/packages/framework-mbed/features/nanostack/FEATURE_NANOSTACK/sal-stack-nanostack/source/Service_Libs/etx,/home/michael/.platformio/packages/framework-mbed/features/nanostack/FEATURE_NANOSTACK/sal-stack-nanostack/source/Service_Libs/fhss,/home/michael/.platformio/packages/framework-mbed/features/nanostack/FEATURE_NANOSTACK/sal-stack-nanostack/source/Service_Libs/fnv_hash,/home/michael/.platformio/packages/framework-mbed/features/nanostack/FEATURE_NANOSTACK/sal-stack-nanostack/source/Service_Libs/load_balance,/home/michael/.platformio/packages/framework-mbed/features/nanostack/FEATURE_NANOSTACK/sal-stack-nanostack/source/Service_Libs/mdns,/home/michael/.platformio/packages/framework-mbed/features/nanostack/FEATURE_NANOSTACK/sal-stack-nanostack/source/Service_Libs/mdns/fnet,/home/michael/.platformio/packages/framework-mbed/features/nanostack/FEATURE_NANOSTACK/sal-stack-nanostack/source/Service_Libs/mdns/fnet/fnet_stack,/home/michael/.platformio/packages/framework-mbed/features/nanostack/FEATURE_NANOSTACK/sal-stack-nanostack/source/Service_Libs/mdns/fnet/fnet_stack/port,/home/michael/.platformio/packages/framework-mbed/features/nanostack/FEATURE_NANOSTACK/sal-stack-nanostack/source/Service_Libs/mdns/fnet/fnet_stack/port/compiler,/home/michael/.platformio/packages/framework-mbed/features/nanostack/FEATURE_NANOSTACK/sal-stack-nanostack/source/Service_Libs/mdns/fnet/fnet_stack/port/cpu,/home/michael/.platformio/packages/framework-mbed/features/nanostack/FEATURE_NANOSTACK/sal-stack-nanostack/source/Service_Libs/mdns/fnet/fnet_stack/services,/home/michael/.platformio/packages/framework-mbed/features/nanostack/FEATURE_NANOSTACK/sal-stack-nanostack/source/Service_Libs/mdns/fnet/fnet_stack/services/dns,/home/michael/.platformio/packages/framework-mbed/features/nanostack/FEATURE_NANOSTACK/sal-stack-nanostack/source/Service_Libs/mdns/fnet/fnet_stack/services/mdns,/home/michael/.platformio/packages/framework-mbed/features/nanostack/FEATURE_NANOSTACK/sal-stack-nanostack/source/Service_Libs/mdns/fnet/fnet_stack/services/poll,/home/michael/.platformio/packages/framework-mbed/features/nanostack/FEATURE_NANOSTACK/sal-stack-nanostack/source/Service_Libs/mdns/fnet/fnet_stack/services/serial,/home/michael/.platformio/packages/framework-mbed/features/nanostack/FEATURE_NANOSTACK/sal-stack-nanostack/source/Service_Libs/mdns/fnet/fnet_stack/stack,/home/michael/.platformio/packages/framework-mbed/features/nanostack/FEATURE_NANOSTACK/sal-stack-nanostack/source/Service_Libs/mle_service,/home/michael/.platformio/packages/framework-mbed/features/nanostack/FEATURE_NANOSTACK/sal-stack-nanostack/source/Service_Libs/nd_proxy,/home/michael/.platformio/packages/framework-mbed/features/nanostack/FEATURE_NANOSTACK/sal-stack-nanostack/source/Service_Libs/Neighbor_cache,/home/michael/.platformio/packages/framework-mbed/features/nanostack/FEATURE_NANOSTACK/sal-stack-nanostack/source/Service_Libs/pan_blacklist,/home/michael/.platformio/packages/framework-mbed/features/nanostack/FEATURE_NANOSTACK/sal-stack-nanostack/source/Service_Libs/SHA256_Lib,/home/michael/.platformio/packages/framework-mbed/features/nanostack/FEATURE_NANOSTACK/sal-stack-nanostack/source/Service_Libs/Trickle,/home/michael/.platformio/packages/framework-mbed/features/nanostack/FEATURE_NANOSTACK/sal-stack-nanostack/source/Service_Libs/utils,/home/michael/.platformio/packages/framework-mbed/features/nanostack/FEATURE_NANOSTACK/sal-stack-nanostack/source/Service_Libs/whiteboard,/home/michael/.platformio/packages/framework-mbed/features/nanostack/FEATURE_NANOSTACK/targets,/home/michael/.platformio/packages/framework-mbed/features/unsupported/dsp,/home/michael/.platformio/packages/framework-mbed/features/unsupported/dsp/cmsis_dsp,/home/michael/.platformio/packages/framework-mbed/features/unsupported/dsp/cmsis_dsp/BasicMathFunctions,/home/michael/.platformio/packages/framework-mbed/features/unsupported/dsp/cmsis_dsp/CommonTables,/home/michael/.platformio/packages/framework-mbed/features/unsupported/dsp/cmsis_dsp/ComplexMathFunctions,/home/michael/.platformio/packages/framework-mbed/features/unsupported/dsp/cmsis_dsp/ControllerFunctions,/home/michael/.platformio/packages/framework-mbed/features/unsupported/dsp/cmsis_dsp/FastMathFunctions,/home/michael/.platformio/packages/framework-mbed/features/unsupported/dsp/cmsis_dsp/FilteringFunctions,/home/michael/.platformio/packages/framework-mbed/features/unsupported/dsp/cmsis_dsp/MatrixFunctions,/home/michael/.platformio/packages/framework-mbed/features/unsupported/dsp/cmsis_dsp/StatisticsFunctions,/home/michael/.platformio/packages/framework-mbed/features/unsupported/dsp/cmsis_dsp/SupportFunctions,/home/michael/.platformio/packages/framework-mbed/features/unsupported/dsp/cmsis_dsp/TransformFunctions,/home/michael/.platformio/packages/framework-mbed/features/unsupported/dsp/dsp,/home/michael/.platformio/packages/framework-mbed/features/unsupported/rpc,/home/michael/.platformio/packages/framework-mbed/features/filesystem,/home/michael/.platformio/packages/framework-mbed/features/filesystem/bd,/home/michael/.platformio/packages/framework-mbed/features/filesystem/fat,/home/michael/.platformio/packages/framework-mbed/features/filesystem/fat/ChaN,/home/michael/.platformio/packages/framework-mbed/features/filesystem/littlefs,/home/michael/.platformio/packages/framework-mbed/features/filesystem/littlefs/littlefs,/home/michael/.platformio/packages/framework-mbed/features/FEATURE_BLE,/home/michael/.platformio/packages/framework-mbed/features/FEATURE_BLE/ble,/home/michael/.platformio/packages/framework-mbed/features/FEATURE_BLE/ble/generic,/home/michael/.platformio/packages/framework-mbed/features/FEATURE_BLE/ble/pal,/home/michael/.platformio/packages/framework-mbed/features/FEATURE_BLE/ble/services,/home/michael/.platformio/packages/framework-mbed/features/FEATURE_BLE/source,/home/michael/.platformio/packages/framework-mbed/features/FEATURE_BLE/source/generic,/home/michael/.platformio/packages/framework-mbed/features/FEATURE_BLE/source/services,/home/michael/.platformio/packages/framework-mbed/features/FEATURE_BLE/targets,/home/michael/.platformio/packages/toolchain-gccarmnoneeabi/arm-none-eabi/include,/home/michael/.platformio/packages/toolchain-gccarmnoneeabi/arm-none-eabi/include/c++/7.2.1,/home/michael/.platformio/packages/toolchain-gccarmnoneeabi/arm-none-eabi/include/c++/7.2.1/arm-none-eabi,/home/michael/.platformio/packages/toolchain-gccarmnoneeabi/lib/gcc/arm-none-eabi/7.2.1/include-fixed,/home/michael/.platformio/packages/toolchain-gccarmnoneeabi/lib/gcc/arm-none-eabi/7.2.1/include,/home/michael/.platformio/packages/tool-unity",
  "gccSuppressWarnings": false
}
