{
    "name": "C12832", 
    "repository": {
        "url": "https://os.mbed.com/users/askksa12543/code/C12832/", 
        "type": "hg"
    }, 
    "platforms": [
        "atmelsam", 
        "freescalekinetis", 
        "maxim32", 
        "nordicnrf51", 
        "nordicnrf52", 
        "nxplpc", 
        "siliconlabsefm32", 
        "ststm32", 
        "teensy", 
        "wiznet7500"
    ], 
    "frameworks": [
        "mbed"
    ], 
    "version": "990d5eec2e", 
    "examples": [
        "https://os.mbed.com/users/CBMalloch/code/exercise_application_shield/", 
        "https://os.mbed.com/users/tushki7/code/FRDM_K64F_LCD/", 
        "https://os.mbed.com/users/Arsenic/code/shot_game/", 
        "https://os.mbed.com/users/green_hatano/code/shot_game/", 
        "https://os.mbed.com/users/green_hatano/code/New_shot_game/", 
        "https://os.mbed.com/teams/Embedded-Team/code/lampbot_sonar_state_machine_test/", 
        "https://os.mbed.com/teams/Donal/code/sonar_state_machine_test/", 
        "https://os.mbed.com/users/askksa12543/code/DataCommLPC/", 
        "https://os.mbed.com/users/n02655194/code/DataCommLPC2/", 
        "https://os.mbed.com/users/z_james/code/helloword/"
    ], 
    "authors": [
        {
            "url": "https://os.mbed.com/users/askksa12543/", 
            "maintainer": false, 
            "email": null, 
            "name": "Kevin Anderson"
        }
    ], 
    "keywords": [
        "rpc"
    ], 
    "id": 2217, 
    "description": "lcd for LPC1768"
}